id,signature,status,bundle_id,tip_lamports,retry_count,label,submitted_at,processed_at,confirmed_at,finalized_at,submitted_slot,processed_slot,confirmed_slot,finalized_slot,error_category,error_code,error_message
"demo_id_1","demo_sig_1781081065721_1_em0ee8","finalized","",800000,0,"demo_bundle_1",1781081065721,1781081065829,1781081065929,1781081066031,250000001,250000002,250000003,250000004,"","",""
"demo_id_2","demo_sig_1781081065728_2_6otire","finalized","",765000,0,"demo_bundle_2",1781081065728,1781081065837,1781081065934,1781081066034,250000002,250000003,250000004,250000005,"","",""
"demo_id_3","demo_sig_1781081065732_3_km799n","finalized","",810000,0,"demo_bundle_3",1781081065732,1781081065839,1781081065943,1781081066037,250000003,250000004,250000005,250000006,"","",""
"demo_id_4","demo_sig_1781081065735_4_ps1eck","finalized","",855000,0,"demo_bundle_4",1781081065735,1781081065842,1781081065949,1781081066042,250000004,250000005,250000006,250000007,"","",""
"demo_id_5","demo_sig_1781081065742_5_vbxs4v","finalized","",900000,0,"demo_bundle_5",1781081065742,1781081065846,1781081065952,1781081066044,250000005,250000006,250000007,250000008,"","",""
"demo_id_6","demo_sig_1781081065744_6_g2h776","finalized","",945000,0,"demo_bundle_6",1781081065744,1781081065847,1781081065954,1781081066046,250000006,250000007,250000008,250000009,"","",""
"demo_id_7","demo_sig_1781081065746_7_1kkx8j","finalized","",990000,0,"demo_bundle_7",1781081065746,1781081065853,1781081065957,1781081066048,250000007,250000008,250000009,250000010,"","",""
"demo_id_8","demo_sig_1781081065747_8_nljwe0","finalized","",1034999,0,"demo_bundle_8",1781081065747,1781081065854,1781081065958,1781081066052,250000008,250000009,250000010,250000011,"","",""
"demo_id_9","demo_sig_1781081065753_9_lj7464","finalized","",1080000,0,"demo_bundle_9",1781081065753,1781081065855,1781081065959,1781081066055,250000009,250000010,250000011,250000012,"","",""
"demo_id_10","demo_sig_1781081065754_10_tosxaa","finalized","",1125000,0,"demo_bundle_10",1781081065754,1781081065857,1781081065961,1781081066058,250000010,250000011,250000012,250000013,"","",""
"demo_fault_expired","demo_sig_expired_1781081065755","failed","",1080000,0,"fault_injected_blockhash_expiry",1781081065755,"","","",250000011,"","","","expired_blockhash","BLOCKHASH_EXPIRED","Blockhash 11111111... is no longer valid (more than 151 slots old). Blockhash not found in the recent history."
"demo_recovered","demo_sig_recovered_1781081065999","confirmed","",7500,0,"recovered_after_fault",1781081065999,1781081066102,1781081066205,"",250000015,250000016,250000017,"","","",""
"demo_extra_0","demo_sig_extra_1781081066267_0","submitted","",10000,0,"extra_demo_tx_0",1781081066267,"","","",250000030,"","","","","",""
"demo_extra_1","demo_sig_extra_1781081066268_1","submitted","",10000,0,"extra_demo_tx_1",1781081066268,"","","",250000031,"","","","","",""
"demo_extra_2","demo_sig_extra_1781081066272_2","submitted","",10000,0,"extra_demo_tx_2",1781081066272,"","","",250000032,"","","","","",""